,A,B,C,D
2000-01-01,-0.44835342703102726,-0.6042455588159559,1.2886838426038194,0.58185026291848
2000-01-02,-0.3150364689725622,-1.0425167919740432,0.8155920970527503,2.071481223983172
2000-01-03,-0.594132570403883,-2.193925843124621,0.34567963092915605,3.528333659775341
2000-01-04,-0.9684068680149542,-3.3503406954394137,0.09202923182068884,3.50598148259892
2000-01-05,1.3557825667294103,-3.8644177219523894,0.4595896244119972,4.101025959388998
2000-01-06,0.6761766425813894,-3.7930570451618877,0.07852158820700111,4.977524689015694
2000-01-07,1.2165084797549577,-3.4956117186828326,-0.5954744801011429,5.093014421687848
2000-01-08,-1.1020591222809593,-3.813157396175249,-0.6617285438637911,5.71236208255706
2000-01-09,-0.9539318193378591,-5.264698994786832,0.2701453879356701,4.678149145736052
2000-01-10,-2.230503380481162,-5.968625758553362,-0.4224540282915503,4.325003491886644
2000-01-11,-3.827345004002259,-3.8631598486337677,1.5048722208904284,6.349565945341725
2000-01-12,-5.119070110491446,-3.3057669969811485,2.377422471639911,5.644637454032292
2000-01-13,-6.436818807113747,-3.925351097987143,2.651169816503583,5.569116555851759
2000-01-14,-7.174450871498254,-2.7038893834961195,3.3255358207794075,3.343371209348425
2000-01-15,-8.58326724966505,-2.40084462626176,1.8532367826008858,2.6344329845990213
2000-01-16,-7.8752539664979055,-2.9919428384912647,1.425577807559356,1.7724690333115802
2000-01-17,-7.890199170665243,-3.5365231033674527,1.351619461130944,3.0372171377088275
2000-01-18,-7.742404629237705,-3.6446016922467424,0.2608090727456074,2.117579251337747
2000-01-19,-6.9659624990829325,-0.9501144334218328,0.027155629283038718,0.6343939763850373
2000-01-20,-7.786236488554122,-2.4006220983466693,1.0353484972563884,0.8603213126478869
2000-01-21,-6.2909136683343245,-2.7163465131475606,0.9521021754520675,-0.6969560433308427
2000-01-22,-6.963837203164192,-4.509557075137703,-0.684114271255964,-0.501877031778668
2000-01-23,-7.6795200531735475,-4.065534432563239,-1.5941528686324848,-1.1926767005202727
2000-01-24,-10.017121807442987,-4.82521253984689,-2.4075347808303995,-0.49353565746599504
2000-01-25,-10.010259296925124,-3.901010059142755,-4.493671926458509,-0.2885600757434186
2000-01-26,-10.118063301558161,-5.68755374373558,-6.047692530361688,0.13065650962869463
2000-01-27,-11.234535078051014,-5.313392091396588,-6.144084400616005,-0.2848017794455687
2000-01-28,-11.472368828801219,-3.7484835206913436,-5.9810677257130465,-0.04233397552063983
2000-01-29,-12.385051760353328,-3.26574274227551,-4.878748559621437,0.30925909510524724
2000-01-30,-12.157247582853568,-2.146886937286487,-4.629835630082316,1.6198062128840565
2000-01-31,-13.051978430719853,-1.9088150181079695,-5.74888570828107,2.8170067019673066
2000-02-01,-13.697011749853717,-2.661085051434692,-5.876037299584109,3.007018190423439
2000-02-02,-15.202582087564641,-1.3348003175009917,-6.24835883655464,2.3592754978201973
2000-02-03,-15.97719921479454,-1.5754401413022723,-7.726715999149222,3.7920369396118625
2000-02-04,-16.326817020472202,-2.092903225774803,-7.696013580287119,4.594335809785702
2000-02-05,-17.37830028610756,-1.7358909964882554,-6.6501132900392825,4.7338067195097295
2000-02-06,-16.40679991415871,-3.4320635300209643,-6.616731484221192,3.149561945558947
2000-02-07,-16.20550736586618,-1.9796618159676624,-6.189396746765492,3.5267765110635576
2000-02-08,-16.967087506038965,-1.4799668166867652,-5.720593615116595,4.3425028357474105
2000-02-09,-16.686796548456364,-0.310034849250556,-6.642554432370951,3.0789953854880014
2000-02-10,-16.879329722589443,0.3311238958217808,-8.90092196951177,1.9675777280905127
2000-02-11,-19.390202449083063,-0.3671581661879144,-9.410921706186095,2.87925136622535
2000-02-12,-18.264224849543663,-0.6391784235496771,-8.015593805993166,2.091530506672502
2000-02-13,-17.602064762665627,-0.037512684200305846,-7.7391373828955645,1.7017949967265602
2000-02-14,-17.547876218443538,0.35788313169140884,-9.10881668215413,1.948713071068988
2000-02-15,-17.458056552153828,1.1591675937250507,-11.571024715209163,2.0380629959423984
2000-02-16,-18.262709140701613,3.2803998848683893,-11.686262058485239,2.096642874662285
2000-02-17,-17.783451319317944,2.5731779817491622,-11.739178608045297,1.0892576574063866
2000-02-18,-17.981202414362905,1.9966863001752508,-11.762458574160338,1.5563058691044558
2000-02-19,-18.451498299515215,2.675024304863349,-12.03550767361299,2.64306617950579
2000-02-20,-17.931453144831092,1.7401584782277,-12.914717797077534,4.610489866162329
2000-02-21,-17.37368449128212,1.9975901840898151,-12.44726167011299,4.358144525501354
2000-02-22,-16.785785162068102,0.5757426275370305,-13.407511923097532,5.5554784300047375
2000-02-23,-16.45282677974306,2.151250026311173,-13.094133477211974,5.465940915303623
2000-02-24,-16.711901153985316,2.6644069025904877,-14.50279286313146,5.5718215442861005
2000-02-25,-15.89367950479048,1.9085656311798842,-16.23360214772622,3.4061181254981876
2000-02-26,-15.491029673167517,1.3265183221372552,-18.38995312582325,3.5810492546258543
2000-02-27,-16.095432388607048,3.1431682801835645,-18.18207259271679,2.276239083804609
2000-02-28,-15.694882807490693,3.603172350161832,-18.167233063820575,2.7405728983824527
2000-02-29,-14.851947713178964,3.685241323268786,-18.683416790934366,1.8359516742340676
2000-03-01,-14.260374615284261,3.3188802616673163,-17.100106649983037,3.349416839936687
2000-03-02,-14.37359052393631,3.033447282910722,-16.32074968242023,2.6854296408652054
2000-03-03,-14.500297183620019,2.4443701014717925,-17.193707843770685,1.280939230560443
2000-03-04,-14.268183700894959,2.6382968073098034,-17.72884759444086,1.5936597889068351
2000-03-05,-14.816741870753429,2.8710917964024403,-18.49881102269269,2.999734813933042
2000-03-06,-13.564265763512486,2.5984120015559538,-18.23649876325719,3.87368686497085
2000-03-07,-12.753954978074676,1.360340374849624,-17.664273325369976,3.025483675771575
2000-03-08,-12.619710562565334,2.3003300107944837,-16.497834172755365,1.4660170755820017
2000-03-09,-13.035237949858855,1.7194267405251036,-16.16002134530889,3.466530239458347
2000-03-10,-13.808190410411319,1.2879517416525668,-15.555698169150103,3.483089109959961
2000-03-11,-13.88398541586369,0.7285069955446335,-15.449381345495564,3.664427107699386
2000-03-12,-12.985349355055986,0.16980788372222577,-14.708059734176095,2.2762145477498796
2000-03-13,-13.040503614425937,-0.05779341103346361,-12.808183947537373,2.617488028940737
2000-03-14,-12.518420205801716,0.3783950016911256,-13.443408480801537,3.6564635992111327
2000-03-15,-10.69558155032967,0.9442146037342325,-13.726273831512653,4.787543774230291
2000-03-16,-9.592223237864024,0.8933280220161874,-13.450329160999988,2.582875414849833
2000-03-17,-10.819063137523734,1.325611422267531,-12.222906738860562,1.5951545473530069
2000-03-18,-10.322491015691899,0.9645868601274163,-11.123815314632251,1.1317830828474043
2000-03-19,-9.52608502880047,-1.001774814012295,-9.942645174931823,2.0716688862452455
2000-03-20,-8.932639834477758,-0.4642023518831928,-9.10093096124752,-0.09782200272788799
2000-03-21,-7.959128944243992,-0.9243838388194918,-8.638791591859027,-0.933240541784993
2000-03-22,-8.205652934781952,-1.323767755159975,-8.018367865056344,0.5645946940036962
2000-03-23,-8.929706099048111,-0.6358319970625063,-7.28232632325554,0.10096094197501948
2000-03-24,-9.19514635332363,-1.561358050857692,-7.092975906289715,-2.0213785580278536
2000-03-25,-9.210546386881134,0.1591253502035339,-7.242662468199014,-4.000483633412783
2000-03-26,-8.626906257008942,0.9217287372840423,-6.483608499501529,-4.137144999389968
2000-03-27,-8.378082537026186,1.6339345876120177,-6.158039859915033,-4.7567876448111175
2000-03-28,-8.52659970478379,2.868755305744303,-7.587697104160935,-5.263926896124068
2000-03-29,-6.989267472414827,3.6958068595526647,-7.323978067322576,-4.770292475945998
2000-03-30,-5.444114402413279,2.859697191369351,-6.0763021585457455,-5.164236432504192
2000-03-31,-3.722725780405436,2.903693637025332,-6.304091237535983,-5.468147898718563
2000-04-01,-2.5315779819940687,2.741251244683949,-4.731491995402786,-4.668081743421275
2000-04-02,-3.190100344016542,4.593034054969909,-6.122392888150606,-4.676778580582521
2000-04-03,-2.183235858246655,4.822262439579348,-7.1154184756597285,-5.390924267561991
2000-04-04,-2.108786491997939,3.623315104407045,-7.355434145807712,-6.9779993253232035
2000-04-05,-1.5920472343957113,3.702665696475087,-6.757835087712492,-6.504868308549708
2000-04-06,-1.9858771338035133,3.349090188448626,-7.671617488103558,-5.168289869206759
2000-04-07,-2.4878885443665455,2.827366887016633,-9.031964014197147,-4.192224892988997
2000-04-08,-2.509977899330304,2.80415223336856,-8.73909694735457,-3.019325191279136
2000-04-09,-2.517238419624521,0.6758084946217546,-8.785234199355273,-2.3403178309204105
2000-04-10,-1.2388458874712565,0.35108829520183876,-9.340242457631893,-3.8370418212203443
2000-04-11,-1.320352112168977,0.8475131876446846,-9.713010319084047,-4.499410449876271
2000-04-12,-2.743045689210553,0.41646254350122014,-9.268383882884137,-6.534628482107727
2000-04-13,-1.7779948645253438,0.15782696280866548,-8.124640892899132,-6.581005151014503
2000-04-14,-0.36166100500623544,0.0056026557817987765,-8.416240287814956,-6.638446004755199
2000-04-15,-0.4462067101697636,0.7844435610965744,-10.090737375968677,-6.707004527065002
2000-04-16,-0.9049938421273898,0.44509666238129003,-10.73507832415351,-6.214595214341015
2000-04-17,-2.040057376638145,0.8104369373935343,-10.992404559372261,-7.224269419159579
2000-04-18,-2.603544968303142,1.3833298638971385,-9.331438209593061,-6.96806529333355
2000-04-19,-1.6521576603870063,2.20557587200127,-9.361892756880165,-6.711617351462593
2000-04-20,-1.4499629193936792,0.8497537244608013,-8.979429755180385,-7.406966294124693
2000-04-21,0.4216793541037913,2.395662121120708,-9.951739781734943,-8.993391038231788
2000-04-22,1.2493376008740424,1.6011860316584157,-10.688192186241434,-10.263275922277765
2000-04-23,0.5062496000263297,1.3459972656068975,-10.014370615866637,-12.938098781863264
2000-04-24,-1.0513309682520946,3.9028383835900478,-10.430043259458634,-13.21297033895783
2000-04-25,-2.3736099196867677,4.327993489452873,-10.780967479550469,-12.061197096764165
2000-04-26,-2.7888644157206413,4.853253842468682,-10.461104871927672,-10.104558517774615
2000-04-27,-4.296247009363178,5.675480340805766,-11.435538720276075,-10.22501301083777
2000-04-28,-4.10128067742622,5.409151673796322,-10.897300859512924,-10.33677935735394
2000-04-29,-4.342690309790519,5.1029183875248485,-12.050349604448714,-9.936694423763525
2000-04-30,-3.94178322515118,5.260109531678715,-12.612361931718215,-9.391184710942934
2000-05-01,-3.7146868955876777,6.145806230664799,-13.13404862524487,-8.233432267718904
2000-05-02,-5.588544743000011,6.198910662730044,-12.734700786637674,-7.752076839719772
2000-05-03,-4.289378727526282,6.013041845312984,-13.670614408804393,-8.605996488259109
2000-05-04,-6.72419490891927,4.451818678273503,-14.29602866577667,-8.770596113411402
2000-05-05,-5.36749554631179,5.583320766810056,-13.573087761179476,-9.171527323958475
2000-05-06,-4.968231347624753,4.823181374864849,-13.610644845029094,-9.225452150812936
2000-05-07,-6.283857355859114,4.248570878009033,-14.056448811864389,-8.603104929583088
2000-05-08,-5.902747477241015,1.926763421504619,-14.413515288001193,-7.395799395096631
2000-05-09,-7.168768937429089,2.3329460699635596,-15.755181613260584,-6.120708271854867
2000-05-10,-7.0952409600720685,2.2414886602931863,-14.910018926927538,-4.7132183596381925
2000-05-11,-7.296572820198148,1.3854159653365605,-15.858918626042836,-3.8951385150943825
2000-05-12,-5.321645419238482,3.4459294781514416,-15.051921891376962,-5.064198952916601
2000-05-13,-4.522227900998282,4.113226833512421,-15.722955288203842,-4.6398597974919085
2000-05-14,-3.11236232602584,5.910640238345067,-15.546521531316488,-5.639506832239301
2000-05-15,-2.8392742176564063,6.027363598986543,-16.782858773234185,-4.950482480277734
2000-05-16,-1.6616765151870045,6.657043261736223,-17.243902443775408,-5.605190851213067
2000-05-17,-3.6660449206678054,6.969463621816199,-17.395292280297056,-5.833987800259324
2000-05-18,-3.299496071554035,6.532596432262474,-16.756431354234394,-6.740716117282336
2000-05-19,-1.84956777143636,6.371264480830203,-15.35632589425269,-6.570109696653005
2000-05-20,-3.120755672354467,5.959211978147644,-15.898987348307836,-4.572518448165482
2000-05-21,-3.0021086283691902,6.590624837516801,-16.06459542050976,-4.079657884235138
2000-05-22,-2.220722279784541,6.785630177045719,-14.40675880326277,-4.161306612811098
2000-05-23,-1.7748864165087985,9.34514728046004,-11.691016943658603,-3.8838159086916484
2000-05-24,-1.2399258082457936,9.516928260962661,-10.09962297616811,-3.4913477412345935
2000-05-25,0.335062608095942,11.23854927870924,-9.652733975995057,-3.494912811674518
2000-05-26,0.436898025788957,9.941894573626744,-11.767990802553298,-3.9853633495372938
2000-05-27,-0.5509087157035352,10.389256088180423,-9.472599782390741,-2.992486699493074
2000-05-28,-2.157531437141341,11.528866583106495,-9.662796657743005,-4.395826941416745
2000-05-29,-0.593635076951335,12.375887211381766,-9.238117306195944,-3.4513505684509176
2000-05-30,-0.024529890188341508,12.99434549241076,-8.92725541572834,-2.961042913729198
2000-05-31,-0.018737196391302856,14.790576404714228,-8.16868289862883,-2.3906275727270407
2000-06-01,-0.7574154750786267,15.000117754990104,-7.1438130961001365,-2.743027842883295
2000-06-02,-0.13933703790269647,15.51423206112408,-5.907954568103073,-3.719714787987352
2000-06-03,-1.4721453926696801,13.84994464763015,-5.5455128195083105,-2.655926188534423
2000-06-04,-1.7983206495071002,14.573162149231642,-4.735740151467272,-2.0368029658057796
2000-06-05,-0.9407246109028301,14.03853918376334,-4.28716354877295,-2.348840816973795
2000-06-06,-1.333087512960105,13.418570955958177,-4.668439205463694,-3.448067408901742
2000-06-07,-2.2538996145466053,13.826238144669514,-4.504154770230656,-4.115163881645906
2000-06-08,-1.4099289951518865,14.970731774903726,-6.222635293556405,-3.990566361696371
2000-06-09,-2.151605878044448,15.128748756613474,-6.540261278267627,-4.726862976095639
2000-06-10,-3.413399979395277,15.079502379516235,-6.167769089998481,-4.4198348922284625
2000-06-11,-2.3300190280009687,14.971419249763063,-5.671515938757056,-4.133223488880859
2000-06-12,-2.0462125165048897,15.466672878009213,-6.943583648732922,-5.413474684296273
2000-06-13,-2.357650948954329,15.813953491846265,-7.536686952323737,-3.3888350365531847
2000-06-14,-4.36729439505051,14.530686356741931,-7.5731390249191355,-1.7361207652321546
2000-06-15,-5.136778883683099,14.183472067719977,-8.442455039007067,-0.20666784437434682
2000-06-16,-5.135822924329985,15.248873561170399,-9.780381663927631,1.050127532350607
2000-06-17,-5.805670570778008,15.211314047115746,-8.485655336845367,1.530048112808485
2000-06-18,-5.3951477661858585,15.657998001853977,-8.051215136423998,1.1055705249696293
2000-06-19,-5.739937836826521,17.29393016641226,-8.165112886991531,1.342076032352863
2000-06-20,-6.350093043991562,18.400519768233966,-8.453915195021832,0.15702244106995344
2000-06-21,-6.836889858849503,17.82055044443016,-9.062481778283857,1.2182669902657666
2000-06-22,-5.745575904020987,18.32485255704832,-9.049857589548115,1.0426680289805828
2000-06-23,-3.6654083513129105,20.217322618522374,-10.053927117156086,1.3759375508480163
2000-06-24,-5.279071940465662,21.17256699393908,-9.6126142464111,0.23769657328702887
2000-06-25,-3.6400053535979744,20.005970446051325,-9.201621151028528,0.005962987352519794
2000-06-26,-2.61410486155651,21.526809393006804,-10.014595276744856,-0.4410080873902805
2000-06-27,-3.3809989441270063,21.016089611548303,-9.070906891167585,-0.49069611477589714
2000-06-28,-3.586940261404227,20.190245775552807,-9.624277977377439,-1.2852443140744172
2000-06-29,-4.416515086718842,18.43422961815564,-8.477732912444113,-2.3091200240478584
2000-06-30,-3.1033187627154444,17.794069149090916,-9.080456612167728,-1.98524923982843
2000-07-01,-3.5871291026099614,17.430314124052956,-9.297373425106404,-2.490963483305521
2000-07-02,-3.490059511353916,15.608599087190006,-8.94598841474595,-3.7842446516814885
2000-07-03,-4.005866285881366,15.303432040119414,-9.879031413798998,-4.259154457572075
2000-07-04,-3.6155969662082974,14.125263453459791,-10.3396637730797,-5.160381206373397
2000-07-05,-2.877677610850088,15.616479518767404,-9.631741714936261,-4.452652385587719
2000-07-06,-2.309337376580307,15.231238958587412,-7.691027498782064,-2.7423907864307084
2000-07-07,-3.07924939111854,17.614621349742123,-9.280011728856346,-3.762255374845773
2000-07-08,-1.2947659183240807,19.005359666686996,-9.629180372104704,-3.5015214014236102
2000-07-09,-2.4495564648104704,18.853322596334387,-8.500637935499366,-2.371123117769873
2000-07-10,-2.339386137843185,18.67733680880959,-9.55250498697523,-4.067080905634292
2000-07-11,-0.15104352063862914,17.91481200077944,-8.883242538379772,-3.8847488010437843
2000-07-12,-0.16616973874478827,18.519222133727126,-8.088680823017896,-6.228529370747431
2000-07-13,0.00690708802852022,19.31157471624608,-9.726555125532498,-7.247516131330444
2000-07-14,-0.19882305458101682,19.523004852431548,-9.614262849899433,-7.4879416827306695
2000-07-15,1.122510700458431,19.778323352092837,-10.524170081400998,-7.673214303583576
2000-07-16,-0.3147169419600977,17.387810658939955,-10.056270387357477,-7.910566202714302
2000-07-17,0.9123093022404456,17.591456129196537,-9.554889001929324,-7.486663019182853
2000-07-18,1.8091111211521764,16.057859006944806,-9.615435239120558,-6.79370919287968
2000-07-19,2.018041989928677,16.312856174564644,-9.41125431803027,-6.792330766506312
2000-07-20,3.0932603806298755,14.882669965752699,-11.132444245574744,-6.416747168587157
2000-07-21,4.609086666503875,15.591906592051329,-11.406749779227365,-5.062490586452888
2000-07-22,5.301136224521809,16.722103271074815,-12.350548775641707,-5.494718980851688
2000-07-23,5.143075796419997,17.476205114982758,-13.016028677969539,-6.033749078894941
2000-07-24,5.698826057726756,16.188791624921635,-13.754920033002161,-8.306148861841185
2000-07-25,6.979745904682224,16.027367671720395,-12.983293060445334,-9.097951016106533
2000-07-26,6.1526714752892,15.937226114348883,-13.96468286238358,-10.404091789547927
2000-07-27,5.04878640769313,15.845280426550257,-13.426601732480256,-10.860790908492822
2000-07-28,5.488751521130294,15.96088537005217,-12.38093852932459,-11.25093736582307
2000-07-29,4.332432766598968,15.443989873284023,-10.134063189798788,-11.251595195561649
2000-07-30,5.060905578529596,15.463147617337084,-9.761526791783867,-8.851738370601945
2000-07-31,5.862894667285239,14.218564496123523,-8.666544161875164,-8.99815746229796
2000-08-01,8.170502351638454,14.172963414027498,-8.599626448106697,-10.365883722112383
2000-08-02,8.27515903262948,15.620618725786958,-8.655260175367134,-9.862446377311468
2000-08-03,9.219515770762523,14.070912830142587,-9.060765132222812,-11.201324583957
2000-08-04,9.215815407727954,14.94169197575099,-10.79832011749388,-10.266184883404623
2000-08-05,8.678252704462265,15.981412323595283,-11.253462536686811,-9.651357604337209
2000-08-06,10.158903720714152,15.842239922341257,-10.750240479210818,-9.308470503701006
2000-08-07,10.2579892938122,17.342861194951237,-11.273476158934068,-7.023763589222069
2000-08-08,10.220871802600332,17.04140537330868,-11.26257847614913,-7.3855988842608085
2000-08-09,9.345596008988931,17.626985917096064,-11.879622435520613,-6.20889403137694
2000-08-10,8.52880336770244,17.327024219489342,-12.644253119948052,-6.923791280952723
2000-08-11,8.123257877506184,17.962814206223822,-13.10230300432921,-7.85977079931689
2000-08-12,9.686506907268754,17.94133147054203,-12.911166418257208,-8.53588629365358
2000-08-13,11.64422047281376,19.29440779420344,-13.162261990684566,-10.495167514821885
2000-08-14,12.496765242106315,18.87515448879428,-12.37503240640916,-8.699383691259602
2000-08-15,12.192979133249374,17.749045550273422,-11.581895522914126,-8.710282549206534
2000-08-16,11.287069010709043,19.619776344435284,-12.267835293172547,-7.58443589458945
2000-08-17,11.069312641540229,18.57374361142652,-12.996215238088388,-6.31628329312084
2000-08-18,12.54659214431369,19.115115666082797,-12.539857649169793,-5.647274269615196
2000-08-19,12.281426411129651,18.772606472373784,-11.861665089308225,-5.491044421541607
2000-08-20,12.618302308217938,16.781563201198797,-11.984312654143634,-5.738612053850044
2000-08-21,11.399571061643359,16.877798321153524,-13.521635933787078,-4.303094944269041
2000-08-22,10.333357639218319,17.72842802201656,-13.06877402630687,-4.41769759923157
2000-08-23,10.011679140459758,17.250808771119107,-12.327899366988285,-5.19693697388254
2000-08-24,8.726493586681856,18.198954205430308,-13.522651942000595,-4.999316041808543
2000-08-25,9.724391843383458,18.688432496893835,-14.638398330467538,-4.5485406219005515
2000-08-26,9.304311974605596,20.19217882457972,-13.622704159980522,-6.640573136729001
2000-08-27,9.32058301886541,19.657785756358116,-11.96854525314429,-7.347576629817548
2000-08-28,10.088894131215627,19.82851795401163,-10.712317742634532,-7.181236433042399
2000-08-29,9.980137999551685,19.79936205664296,-10.619065961073263,-7.949409697666386
2000-08-30,9.309873910731115,19.407161969890613,-12.039270364586471,-7.863168963118444
2000-08-31,10.221390228984225,19.866516442690866,-12.860970916167311,-9.287815682372184
2000-09-01,7.810471379872871,19.913422465454904,-13.90292456096001,-8.29016199640214
2000-09-02,8.31865970254887,18.619682228122464,-14.000099764141234,-9.652270057449591
2000-09-03,9.47068474681766,19.538227206151138,-14.994099572150159,-9.721341556975233
2000-09-04,6.917762467441021,18.890191758216503,-14.428489903371341,-8.296948299998013
2000-09-05,6.853197425937967,18.978275953900646,-16.38431848053934,-8.381639402297994
2000-09-06,7.785970639384527,18.45077070117346,-15.775687692269925,-8.233028114727395
2000-09-07,7.274471905868536,18.465986123302212,-16.11924711716657,-6.792561759413009
2000-09-08,8.444883615949994,17.32299359241693,-15.907976011706303,-6.861047412065004
2000-09-09,8.409024854098044,16.90290711043154,-17.049080635067444,-5.619105235709927
2000-09-10,7.644728813343009,18.004147305966903,-16.323949705523447,-6.0221335673951755
2000-09-11,8.705108914722578,17.10416407181249,-16.13748555039583,-4.452197894420624
2000-09-12,8.82644398334929,17.45416730233299,-14.7754225508927,-3.8835451879208636
2000-09-13,8.613260307276775,16.996233041110596,-15.2629791091257,-1.8731255000092006
2000-09-14,8.03406242783643,17.84052199370794,-15.720923153744943,-2.8659369137241852
2000-09-15,8.124545990633672,18.156279544274245,-15.724827193325238,-2.7467637394351505
2000-09-16,8.249348698542098,18.496999784798906,-15.314318185934763,-1.4137135825748448
2000-09-17,9.045901566153328,17.646620965217412,-15.019429231126981,-1.541281846267968
2000-09-18,8.490632460167767,17.174243678994003,-15.546750805444471,-2.777694495611878
2000-09-19,8.66720070541159,17.80883368737735,-14.426679183425223,-4.034287128250025
2000-09-20,9.999557086918037,17.811115177878712,-14.172862786199818,-3.2964011953488663
2000-09-21,10.802282424304925,17.8738939843387,-13.931122857576353,-6.670860158335161
2000-09-22,10.876239256842448,17.440604377407226,-14.575884433366156,-6.812959457343896
2000-09-23,12.193431853223268,17.23229862849127,-15.622665311277114,-6.738959213279018
2000-09-24,12.960034970040422,15.948166252858115,-15.220562073016385,-7.355647730481306
2000-09-25,12.878772742490707,16.8634241446062,-15.525428728920346,-8.05557524053566
2000-09-26,15.074252477532255,17.992840697851616,-15.659953432153506,-8.442463221440846
2000-09-27,15.883600162633114,17.84637825985742,-16.977082933678524,-7.681590508276778
2000-09-28,16.54136979052927,18.61639548062914,-16.148463778398984,-7.2730349514669985
2000-09-29,16.065762991942353,19.67225869689778,-16.696932952316995,-7.653869818994854
2000-09-30,16.174707854478353,20.618053897772754,-16.887729398115848,-6.317183563304051
2000-10-01,13.847511978748857,20.33902082310365,-16.030294905999128,-8.403444091975715
2000-10-02,12.961210485115863,19.689022493613137,-15.957746009606398,-9.483630468545313
2000-10-03,12.074689275971156,20.24362002190407,-15.394280543894961,-9.803606529165096
2000-10-04,12.250942977293116,20.53120015805226,-14.855284376577398,-8.05822658941277
2000-10-05,13.036205551627209,21.24702307630627,-15.950716334487872,-8.858591627022406
2000-10-06,14.116905414183034,21.508100257568348,-16.639286810990637,-9.421370634572977
2000-10-07,15.303853552131763,20.766371741328953,-15.072733287566772,-8.395022644470489
2000-10-08,15.57387735957023,19.229578575914104,-14.451112998532425,-8.244225549799232
2000-10-09,12.566852240823385,20.463394340936098,-11.992702432284414,-8.684857736923474
2000-10-10,13.605136435294755,20.95879875774064,-13.475197229113551,-10.47720681535248
2000-10-11,13.566178169009373,21.07225437680657,-14.36478654649488,-11.785189223698808
2000-10-12,12.75330066001754,20.58605879997025,-16.947499115305774,-10.692256624160088
2000-10-13,11.98816779083839,20.63274711652222,-16.849871308395997,-10.8066962248225
2000-10-14,12.92217937884063,18.796954145908987,-15.386897217422582,-12.269278455643967
2000-10-15,12.859117394827754,18.7580475244259,-15.008707355855245,-13.535288715591996
2000-10-16,13.513560575995962,19.41823120479899,-15.827594435441053,-12.94190182731898
2000-10-17,11.86456412398645,19.54852154853898,-16.126196221396178,-12.688100202698994
2000-10-18,12.130282086643792,20.875665145512876,-16.617385597987994,-12.47284455802762
2000-10-19,11.908624868705138,20.234432852463105,-16.40234070565903,-11.903388870938715
2000-10-20,10.826437909693515,18.757399994770562,-16.078143619367,-13.291585353932021
2000-10-21,10.507586042409299,19.512791324336384,-16.134207978485854,-14.175361795081212
2000-10-22,9.640561976470341,20.13601098842758,-17.527627273047614,-15.661202646219287
2000-10-23,8.227575992380505,19.586567255865635,-17.74686299502514,-15.637328928526552
2000-10-24,10.264587864683955,20.058797458341427,-15.679299306280067,-14.932420021179777
2000-10-25,10.69533987936553,20.041776559702324,-16.727043962718227,-14.62342043892902
2000-10-26,11.172603634032624,20.295960058057492,-15.20855673494954,-14.540527759010084
2000-10-27,11.795207290327967,20.388018694244085,-15.374129104206483,-15.54799153525099
2000-10-28,10.562830134316492,20.355430875673463,-14.969937976862372,-15.910113294314122
2000-10-29,9.203348871923874,20.93177270270442,-15.439677767988607,-15.239830985821673
2000-10-30,7.447341103135154,20.086060463870222,-17.232399326227014,-15.010273777234955
2000-10-31,6.070005569354131,19.96292175679132,-16.593740834065535,-14.405839624524896
2000-11-01,6.754693800019931,20.504170036473855,-15.033740662163586,-12.819399483196763
2000-11-02,6.247708243123411,20.15450525563232,-14.967205515937062,-11.443092998377622
2000-11-03,5.579829911854279,19.81750189373625,-13.542822012707363,-11.15265796962439
2000-11-04,4.991205069153497,19.24181631306169,-15.090109839249115,-11.991364732223765
2000-11-05,5.70779100998853,19.30851508212008,-14.941343800555881,-12.234694440752019
2000-11-06,5.535091791394639,19.49969608557899,-15.206728495537465,-12.926046676164775
2000-11-07,4.782023372172016,19.78156600290834,-14.062293255518378,-13.22102487756176
2000-11-08,4.105095065895007,19.313058895992754,-12.99333886775969,-13.817749304038184
2000-11-09,5.154962115344114,17.87746365536903,-12.473079202501745,-13.236396188892176
2000-11-10,4.971597372429554,17.480649651422933,-13.070792176436317,-13.227442995195302
2000-11-11,5.162769247061954,16.46888316719284,-12.945037552610227,-11.29471589558172
2000-11-12,3.8749531298682216,15.461887757937763,-14.63658107284635,-11.345190865038306
2000-11-13,4.767652767364209,15.3840222666099,-15.46943972888189,-10.065348348233645
2000-11-14,4.658919796163355,15.199764535007386,-13.443935523941695,-9.106329212759594
2000-11-15,5.7843384616435864,17.095039320725306,-14.92082369050998,-9.188432146799988
2000-11-16,6.379615401519102,17.17896801606447,-14.115970854441509,-9.305728097435342
2000-11-17,6.61171059893496,17.447536511957974,-12.951432813568337,-8.68210027421322
2000-11-18,5.6699782196410995,16.505845067992357,-12.420827498585881,-9.935602778769185
2000-11-19,4.511681636005953,14.955631020539512,-13.212188889507555,-8.693663867774081
2000-11-20,3.260630446905372,14.093236437120623,-13.939409754979753,-9.405624600211068
2000-11-21,2.5303687892052293,15.556985975883354,-14.578358486086415,-10.02049857116522
2000-11-22,1.4905459601596913,15.10922666962442,-13.440096541403527,-10.35590971160395
2000-11-23,0.6775520781063873,13.684009190312267,-15.380975145542394,-11.021263327556154
2000-11-24,1.0806396879062206,14.431222486470388,-14.05359202398185,-12.469338377307198
2000-11-25,2.5967104692181633,15.903650601762768,-12.795496411028394,-11.71360267676514
2000-11-26,0.5853183911441868,16.06672433134956,-13.277195494988563,-13.880606393484536
2000-11-27,0.3046487246197587,17.744429466798426,-13.606158397570006,-13.703636446255386
2000-11-28,0.47743245263677425,17.321567370457267,-12.128373010219535,-13.612951441691184
2000-11-29,-0.1103351813367821,18.48754406046351,-12.188149857811535,-13.682610249016417
2000-11-30,0.6673294317557703,18.454612788931627,-10.720817130023416,-12.992810248814003
2000-12-01,0.6887054335933888,18.870340813113085,-9.390010484890658,-12.127746592112542
2000-12-02,-0.35670055667638223,17.87123539232873,-8.998636586122414,-11.688601718933752
2000-12-03,-0.19369745226160803,17.824148801911807,-11.04659775163979,-12.937837906708243
2000-12-04,-0.6215017470087357,18.798310237223728,-12.62443424806768,-15.251163066344741
2000-12-05,-0.08510367600866808,19.486483226015146,-12.111267501608854,-15.042439235839762
2000-12-06,-1.0030168737626495,18.61726355955156,-11.677269452596214,-14.754825042387672
2000-12-07,0.07678722138280514,19.804968833909328,-11.295257996862931,-14.87885191861791
2000-12-08,-0.13398899081979224,19.368361168335834,-11.321311321584222,-14.505216651798694
2000-12-09,0.115059897329545,18.90078597603816,-8.739746136182184,-14.497597798825051
2000-12-10,-2.2548441207861036,19.762069491414465,-10.641553936762307,-14.545453645553891
2000-12-11,-3.465422749528605,18.99220743898395,-9.735385350962838,-15.818200050448006
2000-12-12,-3.7590444943074406,19.047916298888904,-11.538064604553421,-16.22913488995709
2000-12-13,-4.341468594318784,18.82100573032625,-11.653736762070592,-16.49042807405238
2000-12-14,-4.489145660743873,18.57599595947774,-12.316416491349804,-16.39196407295989
2000-12-15,-3.8068826711780535,17.864516259166262,-12.142390748127571,-16.074348056056674
2000-12-16,-4.998666702611493,16.517620238875338,-12.145830837108903,-17.50252420733812
2000-12-17,-4.900299655281398,16.186952338588714,-12.3254463642776,-18.797480219765408
2000-12-18,-5.790643179347105,17.847103617319917,-12.115798573172214,-17.886472774892827
2000-12-19,-5.4966214148879065,16.806110365647893,-13.986780637199608,-15.933002959074209
2000-12-20,-6.098252993321214,16.070514271810442,-15.527817967570227,-16.288020310547196
2000-12-21,-6.828759881750062,18.077818373045254,-15.436749907223167,-16.518743871296536
2000-12-22,-8.371164592926558,16.440768578446743,-16.095586592610005,-15.81396271109035
2000-12-23,-10.842523012912231,16.14654778139636,-17.044917484118255,-15.27515899348207
2000-12-24,-10.541024086365539,18.786772161042492,-17.939305905303073,-16.10573845711251
2000-12-25,-11.207345319071377,19.442438483709257,-18.07179344222158,-16.02515386843177
2000-12-26,-10.755149243566397,20.152780013667527,-17.308170184311756,-15.997823005381306
2000-12-27,-10.336643755335684,20.09316646785591,-18.453266429590766,-14.658369258401386
2000-12-28,-9.56880757404173,19.220954442506734,-16.882512992605733,-12.430622198832811
2000-12-29,-8.871893346990278,18.934067168935066,-17.99713206462946,-10.521794894997862
2000-12-30,-8.515281186815685,18.605725351226212,-19.793296449630162,-8.125922897428078
2000-12-31,-8.969901942602165,19.335482814749987,-20.355386837756974,-8.114009753114761
2001-01-01,-8.939202666271912,17.11430823532773,-21.569702679400798,-8.1985590071811
2001-01-02,-8.784950332736182,16.5122259683939,-22.601114543297424,-7.673432152885623
2001-01-03,-7.974855260281044,16.62336292553341,-22.828490238796515,-9.193977595133767
2001-01-04,-8.234510680848704,17.599758742904008,-21.704119133116823,-7.561133146738476
2001-01-05,-8.561343081256213,17.93410098477354,-22.154429279372557,-7.520693336750275
2001-01-06,-9.115853895477583,18.632505568638003,-22.025143878220405,-6.598914842439164
2001-01-07,-9.596655894971317,19.90400762492656,-21.905786450207444,-6.223183780677812
2001-01-08,-9.895178647263448,19.344932094367632,-22.8087888166519,-6.098241057975956
2001-01-09,-9.964767394540795,18.251333301703454,-22.397218490883755,-4.919450335712756
2001-01-10,-10.020028815968729,17.490671272003553,-21.021454543842353,-5.0038749225194294
2001-01-11,-9.356344022088757,18.078740850249382,-19.829162069784772,-3.4346507231156904
2001-01-12,-9.498783271230671,19.495471804549993,-20.812225339048545,-3.9494351694319207
2001-01-13,-10.551288899137488,19.1861336644945,-21.019150353851906,-4.475174419595676
2001-01-14,-11.838118185580147,18.92916586629817,-20.1051693001057,-3.8497460978083415
2001-01-15,-11.232320591953423,19.374368343118864,-21.321619628490403,-5.293336585063432
2001-01-16,-11.210939882544375,18.609123077751498,-22.133069561231405,-6.1983703102748535
2001-01-17,-10.724040210740394,19.539799418307854,-21.460872756771785,-6.949365127165517
2001-01-18,-11.14250038144134,19.99535445265576,-21.45440591760705,-4.739952188954739
2001-01-19,-11.523248535708227,21.7357319235651,-21.190867993210475,-5.447311125783965
2001-01-20,-10.12597243832326,22.77863605597741,-21.209411008135866,-7.174853638080901
2001-01-21,-8.86881208348856,22.2825282662959,-22.975787775236494,-6.744024824834764
2001-01-22,-9.569194740046798,21.328858792855524,-22.58765382522658,-6.751589840372016
2001-01-23,-9.655335640409946,21.04661854000076,-22.143822327286866,-6.747995624524496
2001-01-24,-10.886464137036837,21.82595584534,-21.956987404887226,-8.221856762902947
2001-01-25,-9.418641494136141,22.078372028689824,-21.43448106766507,-7.591703678171542
2001-01-26,-9.529095678030055,22.669497749340167,-21.693881457960373,-8.338320370911847
2001-01-27,-8.765406108180038,22.312228023936925,-22.08200662168813,-7.51561923554076
2001-01-28,-9.501641671716367,21.8554962184595,-22.4959693183711,-7.808987775026155
2001-01-29,-9.341742187678564,21.792271671092085,-21.59730314348734,-8.084535503799279
2001-01-30,-7.761574502105825,20.017048712141207,-20.920165043925554,-8.295648645343752
2001-01-31,-8.052184790797321,19.765552559414804,-20.953764903105483,-8.93657571190181
2001-02-01,-6.441357066498167,19.228116879644944,-22.514521816889555,-8.772640404736944
2001-02-02,-7.20023781779956,18.949792620425278,-23.416370157394095,-9.45605475894597
2001-02-03,-7.93246262609244,19.834519099126485,-24.4831240638381,-8.989838553126019
2001-02-04,-8.903672368141098,20.185802319332264,-25.30436500036534,-9.425082899445723
2001-02-05,-6.787759299696662,20.01059338306558,-25.040178293783857,-8.758425845478385
2001-02-06,-9.652150701000494,18.062052717885138,-24.287027827570526,-9.498037749939543
2001-02-07,-10.675790273991666,18.620945650323375,-22.98600150699965,-8.621814131201113
2001-02-08,-11.260958746448008,18.889278384453043,-24.427836368508174,-8.706957484937135
2001-02-09,-10.647306665522269,18.411912681774375,-23.830294844997244,-6.931098083381627
2001-02-10,-10.17571529876708,17.38113238983415,-23.095753525692537,-6.927705900832169
2001-02-11,-11.553016608505875,17.196335538116823,-21.927564217946642,-9.414591979156802
2001-02-12,-11.82722071710752,17.24331573616468,-23.38952077777502,-9.982426538782
2001-02-13,-10.60081485204299,17.479192645424558,-24.601295257209053,-11.518471502440326
2001-02-14,-10.803421615309349,17.519268517219206,-22.538363489953056,-11.223931985418343
2001-02-15,-12.067078810106377,17.9451858082471,-22.107804905743304,-12.380730913233831
2001-02-16,-11.596967974147683,18.44425372654677,-22.267386636004673,-13.040555427662046
2001-02-17,-11.38700825519849,18.112712863989703,-21.44485266878618,-12.963514349182729
2001-02-18,-12.21748431785842,16.592333457087026,-21.023600339860543,-14.430479168060803
2001-02-19,-12.252593084013247,16.135204550523856,-21.700575421304666,-15.444541947869363
2001-02-20,-11.390433206128861,15.86660927896065,-22.218641886268685,-19.5368484615895
2001-02-21,-12.464404880794875,15.737699918359837,-22.98153377000034,-20.501648332729367
2001-02-22,-11.895331450582994,16.03502468272011,-22.005337463635822,-20.856405045787074
2001-02-23,-12.486865269389718,15.147839420146124,-21.21422472792477,-20.185204761212027
2001-02-24,-13.785351443427839,14.628980165114355,-21.046099470501414,-20.87904130821663
2001-02-25,-12.9258681524495,14.665371107119197,-20.207232221843697,-20.035081008295613
2001-02-26,-12.712486359425444,14.660803619199552,-19.54549270541821,-21.809923038704802
2001-02-27,-11.2102526149227,16.103681894709766,-19.423635222707254,-21.495060314380403
2001-02-28,-9.545073385210788,15.430005543849418,-19.842134302096817,-21.051787448978295
2001-03-01,-9.580753223418279,15.598057506894207,-19.323892443196947,-20.73216533080489
2001-03-02,-9.531543573223459,15.384904360811095,-19.655825401547805,-20.76198289838333
2001-03-03,-9.643403417717632,16.49089463041698,-18.61417357801302,-20.213183580231526
2001-03-04,-8.71574122230585,15.735792530538113,-17.705944078030633,-20.237040798009843
2001-03-05,-7.9090622061807,15.547078370744632,-18.071938597821767,-18.950445369078086
2001-03-06,-8.61980450648013,15.033382305855119,-18.881403460563682,-17.942217111251114
2001-03-07,-9.006281008346448,17.311844788145144,-17.12112933784827,-19.083769032896146
2001-03-08,-9.267836529079595,16.97122529017807,-15.308631118824476,-18.716231830635863
2001-03-09,-9.218728213556536,16.39478918275931,-14.516138429710745,-16.50395097839636
2001-03-10,-9.483117713724564,18.43362013306695,-14.442409895860589,-17.351405781156394
2001-03-11,-8.303481404768313,18.572029598466663,-14.63821044279023,-17.3513872077905
2001-03-12,-9.449493741728507,19.123300440030405,-14.173647391059541,-17.048835693059253
2001-03-13,-9.724361868632347,18.86687754333492,-15.292457593728717,-18.39748431909692
2001-03-14,-10.621457967273077,20.165524264724933,-16.47675100118269,-17.91373073897298
2001-03-15,-11.08454078604407,21.024765457644172,-15.36136977009114,-18.01923427463715
2001-03-16,-10.892394605796431,20.36375805434201,-15.972028799828877,-19.1936390400829
2001-03-17,-11.458118858968298,21.37081064841033,-16.16648097827721,-18.770436150948008
2001-03-18,-10.067518207774194,20.602347937203113,-17.10854897051145,-19.41278637277935
2001-03-19,-10.348518195182708,19.24124075518086,-18.451844119903974,-17.196277185207656
2001-03-20,-10.43197777312888,18.684471500893935,-17.26432359487457,-17.338267362340986
2001-03-21,-8.78417760098928,19.661315531024336,-17.2077520522232,-19.693965417428373
2001-03-22,-9.062783205255066,18.44188262920712,-16.7659462319267,-17.954710080243807
2001-03-23,-10.488012168246538,20.384708859383963,-16.44165949819488,-18.56110484752817
2001-03-24,-9.646450798617897,19.82074171412569,-15.418099821844939,-19.656427459977074
2001-03-25,-10.204184709420044,18.95353678552927,-16.105253509188373,-17.889628362231104
2001-03-26,-11.297939800395453,18.19526070824937,-17.10352480813772,-16.900168501394038
2001-03-27,-12.264475120036082,17.955612495948277,-16.69600860278921,-19.164749430664294
2001-03-28,-14.148948393005362,18.532067629971106,-17.004912367728988,-19.3020475099909
2001-03-29,-14.043041774665916,17.790014071674324,-18.00947634116196,-18.192990703210036
2001-03-30,-13.214305749824074,18.489025939481923,-16.95893761504649,-18.33017527376577
2001-03-31,-11.010621621243676,20.282677626202503,-16.053633635421367,-17.21088705189544
2001-04-01,-10.521185799749906,18.470829865870325,-15.58691866488896,-17.740853576896146
2001-04-02,-10.601215357789151,18.634698289181415,-14.751022044486273,-16.56918576425699
2001-04-03,-11.804345678112664,18.60308991132062,-15.582186087843525,-16.39818581289264
2001-04-04,-11.262654638444106,19.915448932193037,-16.04506747087203,-17.794054898603186
2001-04-05,-9.238517402274013,19.749554067513458,-15.606309508903086,-18.828598997588056
2001-04-06,-11.676814555927727,20.27647318192024,-14.157490471860127,-18.69353024206992
2001-04-07,-10.744016828443552,21.34676677146659,-14.915471577144512,-18.889148252588292
2001-04-08,-10.295019370232255,22.595535926251458,-15.224264542901578,-19.53032964443786
2001-04-09,-10.874699141396935,21.32744002991398,-14.535883553437984,-18.304817703306252
2001-04-10,-11.548770806070028,20.939415141342188,-14.067353578676101,-19.2278696339429
2001-04-11,-13.227157487684035,21.057225645492746,-14.3729686065697,-19.179475163719857
2001-04-12,-12.494090224209472,19.388737855377233,-15.664596373659306,-17.997684111758385
2001-04-13,-12.51903022907277,20.57792855101421,-15.482119917668044,-18.63219823280617
2001-04-14,-12.664620302998049,20.531382828142227,-16.821076550016336,-17.46499330268196
2001-04-15,-12.392955837724974,20.54610884196131,-16.57546249604303,-18.73295291139695
2001-04-16,-10.878440624651578,21.429382413362088,-15.869911836477874,-18.84201131632551
2001-04-17,-12.510254437390637,21.32591045369693,-16.219288801598243,-18.17236736454201
2001-04-18,-12.228131195612518,21.216702041454138,-16.84758116308305,-17.637407954775576
2001-04-19,-13.22697141099746,22.256987630543403,-15.411960383392257,-17.546596080344635
2001-04-20,-12.57248668819269,22.947049930115806,-15.591775206190931,-19.09337052460818
2001-04-21,-11.594250314310646,23.695814806347883,-16.17582430087907,-19.08854592295721
2001-04-22,-10.519581763661678,24.94318086858954,-16.23340437353769,-19.37040343630268
2001-04-23,-10.019451990756771,24.024783678340665,-15.59136884437257,-20.262735527541963
2001-04-24,-10.35482091949014,24.515350371255895,-16.723590523879984,-20.055811303281132
2001-04-25,-10.956286801049261,23.884775342089235,-16.040561219815963,-19.393855445159677
2001-04-26,-10.871247092806199,21.4697636556324,-15.833556124270961,-21.954885413769098
2001-04-27,-9.243229716714573,19.767586796499067,-15.412368708016132,-22.547100568166123
2001-04-28,-9.474165615137371,19.766384812765942,-16.04294289572272,-24.202210584494864
2001-04-29,-6.994955275927768,19.894587208312462,-16.116404732582343,-24.39027818831317
2001-04-30,-5.600366017947728,20.052089924119098,-15.553407621408958,-26.022559497959325
2001-05-01,-4.109134425820197,19.791811103400267,-15.795209482755045,-26.06092037486185
2001-05-02,-3.759691624280755,19.257327917491484,-14.816018651460329,-24.796965077052807
2001-05-03,-2.13755316048028,18.105564478296706,-13.633475882933617,-24.60368043222325
2001-05-04,0.20023348034784494,18.833834322771917,-13.326842592771666,-26.07431838872936
2001-05-05,-0.28988328286325404,20.009033972596352,-13.076275467534696,-26.575606168164867
2001-05-06,-0.954268977937054,20.985401575641475,-12.86363434357615,-25.944869801324614
2001-05-07,-2.4727369778623407,20.584798644421177,-9.983119079872738,-24.83815259822614
2001-05-08,-2.1109816054654567,20.927355729712463,-10.222684589828846,-23.33838419458577
2001-05-09,-2.045915304257157,20.985302529053097,-10.507339223345545,-25.462426424422894
2001-05-10,-0.16397841213156372,21.227576252253705,-9.201489124860373,-26.554920022232942
2001-05-11,-0.3106599778949434,20.501511028355655,-10.53162892372271,-25.192347307648404
2001-05-12,-0.46306308724298556,19.829600031081032,-9.189455589192114,-24.279089544290073
2001-05-13,-1.3059545977865905,19.269595869984023,-8.304908841349917,-25.396262282347706
2001-05-14,-1.6540563308408822,19.63348870509729,-7.361615613448031,-24.28602373278303
2001-05-15,-1.8015285752373795,21.032072054976716,-9.760055723305722,-23.963850303835557
2001-05-16,0.15744087308858012,20.830768444802153,-9.67996057673717,-23.43162148357399
2001-05-17,0.07416772214465689,21.680698282986874,-10.07735008367169,-23.269697203175838
2001-05-18,-0.05441048891382097,21.179235606401107,-10.3366506721601,-21.213360355660733
2001-05-19,0.2183190028497575,20.48540862605211,-10.31047983742898,-20.9102200980059
2001-05-20,-1.0644371466010438,19.954975966722387,-11.042397019826698,-20.125687082687428
2001-05-21,-1.3460489093343602,20.02200958818715,-10.715734527620542,-21.277817594479874
2001-05-22,-0.03943105438618333,19.410516110609468,-13.146057141528367,-20.41168440854903
2001-05-23,-0.3512562433655551,20.342789154780956,-14.481755595616061,-21.58841484886093
2001-05-24,0.34175543075228526,21.557384984635547,-14.57685140173996,-21.296515210637867
2001-05-25,1.0391468992754818,22.12839917623296,-14.97357798784629,-21.03121348586368
2001-05-26,-0.9795741811843719,24.41373848342355,-16.434254335259165,-20.558482089210415
2001-05-27,-0.77446112990858,24.433135504852054,-16.592822804982497,-21.410432841887292
2001-05-28,-1.4558165299223411,24.224333707722025,-16.31418734747789,-21.011947511646447
2001-05-29,0.40134559277617043,23.51362683716569,-16.561583108078395,-22.519091224132627
2001-05-30,-0.15341070886445773,24.390385943740558,-15.04793574877149,-22.803867212258133
2001-05-31,0.0707364526685359,24.043706786837358,-14.368384752112279,-22.140291928412815
2001-06-01,0.7042422999903294,24.94718988214759,-13.156819859143383,-22.7658892555125
2001-06-02,0.7724233854287553,23.904855069495913,-13.126641029863721,-24.511021082167076
2001-06-03,0.9502212362600434,23.837663438037673,-11.332884709335142,-24.700583921851262
2001-06-04,2.437497648723034,23.61655881587546,-11.289838102244605,-25.38275054146636
2001-06-05,4.295463965176405,22.635552944117915,-13.547525649247037,-25.123028923016
2001-06-06,3.620422012990399,24.091803210052735,-14.651073804894304,-25.110516243089585
2001-06-07,4.290481935857965,25.139354579756898,-13.669747495689824,-25.07175987321204
2001-06-08,4.578941516607578,26.45769964487415,-13.539776801448365,-26.470938966822057
2001-06-09,4.962285544058199,27.530105316811614,-14.353355808299963,-27.038626199903643
2001-06-10,4.786128759044614,26.964964409768402,-15.826921118905267,-27.860888327207633
2001-06-11,5.002694469859021,26.850321698564034,-16.23389303993318,-27.260293020095077
2001-06-12,5.754154431453776,25.78768041954678,-16.760107506234107,-26.869943526240093
2001-06-13,6.845429724545233,26.202755962292798,-19.406575575884226,-27.332992859716363
2001-06-14,7.641181568026363,26.159171255804853,-22.704662789409788,-25.16048628075504
2001-06-15,8.072838385867952,25.880279481058203,-24.315219967574407,-26.705805988026672
2001-06-16,10.273014849377601,24.420928066646454,-23.335014391202233,-28.039076796707363
2001-06-17,12.837358219708792,23.776622276394328,-23.454925110147048,-28.151127425674126
2001-06-18,13.785653347260915,24.216795292799013,-23.061004189681434,-27.7899725123816
2001-06-19,14.653810688467846,24.25297126383371,-24.461449985407494,-25.464789673127292
2001-06-20,15.39427544655341,25.091921486323685,-23.5947061130457,-26.239969234010342
2001-06-21,17.14468399756008,24.00976274363203,-22.6744831327098,-24.580602191225836
2001-06-22,17.192613106819483,21.887137108798495,-22.31306086565071,-23.929695465035255
2001-06-23,16.086265561615107,21.06799421649693,-21.700322917932148,-25.135868282889525
2001-06-24,17.428453660010113,19.5930097038561,-20.627566260912527,-27.06744411261294
2001-06-25,16.141297411747853,20.439927516492183,-19.02570463416544,-27.158788530306964
2001-06-26,16.192110031303407,19.350976981074155,-21.052461444711703,-27.41649806890491
2001-06-27,17.27574980340764,18.17385316882449,-21.601551500867586,-26.276482162579317
2001-06-28,17.641299384407162,18.085543214965337,-20.837471856223825,-25.53730366619145
2001-06-29,19.603501567101283,17.540466190440572,-21.456662627770143,-26.200496528141446
2001-06-30,20.923864634344408,17.09354129928144,-21.251257213605452,-24.920900756585603
2001-07-01,23.711858080448973,16.974678873723327,-23.26833574509232,-25.614463134388775
2001-07-02,23.7748280411124,16.135286998128304,-24.862444143194747,-25.40257150486215
2001-07-03,24.686845981472047,14.64616509922093,-24.456566503112427,-26.054698821167857
2001-07-04,23.944823991033385,15.629956871848282,-24.98439174754522,-24.105941998395615
2001-07-05,25.102121528004847,14.851369417246412,-25.903711827226072,-25.692922833136677
2001-07-06,25.536533804482165,13.832495759251607,-26.19863125105301,-26.4547676494711
2001-07-07,26.747238090253944,13.789346143041262,-26.44799189520647,-26.842627978151306
2001-07-08,27.106934385606092,13.753271981557624,-25.172286563501956,-25.722973445723788
2001-07-09,27.412121683403296,13.613097939185321,-24.889441588244445,-25.849135645286726
2001-07-10,23.91347499851302,13.801296967994782,-26.03255563407985,-24.49967887274632
2001-07-11,25.16422830193168,14.450006222625117,-25.599711394832774,-25.027791729201642
2001-07-12,25.132384903402485,14.913110965880215,-24.677320060769556,-25.926340007114582
2001-07-13,25.54649629119489,13.690955333735953,-24.349228935905533,-27.183595582256057
2001-07-14,24.807703492864352,14.068438958257023,-24.745411177680122,-27.942637019061692
2001-07-15,24.62826957500964,12.6614909192065,-24.49594823959662,-26.24681471357423
2001-07-16,23.64635099895234,13.370288119247292,-27.101545255749464,-25.63289534366774
2001-07-17,23.37455684931999,13.487760726737223,-29.24173693850654,-25.3554594025863
2001-07-18,25.41002531549318,13.147635388627057,-28.443315756243216,-26.470823641270275
2001-07-19,24.35630142429291,13.887824676577843,-26.31429725879702,-26.54682617027998
2001-07-20,22.444601725454245,13.283332143282397,-27.487176294895228,-27.920799048998123
2001-07-21,22.722521554665754,14.705410496497318,-27.75826330630444,-27.300191428750285
2001-07-22,22.741133156555364,14.842899896425774,-28.56917144622297,-26.113162977459936
2001-07-23,24.152087582033687,14.872235659376294,-28.31187290470617,-27.823498988628263
2001-07-24,23.193188267064823,16.863085919509135,-29.20649858773404,-27.30679601418672
2001-07-25,24.478494477663943,18.19387487891139,-27.845898995544232,-25.73130322688448
2001-07-26,24.41428469145792,16.34847414561938,-28.552119619802518,-25.789819058274375
2001-07-27,26.607415844166084,15.793557657052258,-29.634532426146336,-24.861479086868712
2001-07-28,26.59688359789974,16.993710665164528,-29.31030704655289,-22.809306890459702
2001-07-29,26.148038809194304,17.837112721905658,-28.578151801644104,-24.27829597618962
2001-07-30,27.852131091173565,17.393590495931893,-28.917567462683664,-26.213277113549783
2001-07-31,27.204527332670487,17.499421762670888,-28.361667584871523,-26.11850553046368
2001-08-01,28.147124210279344,17.24215948283845,-29.18997601623008,-27.32479252336212
2001-08-02,28.12704455859083,16.956651857011632,-28.013603444020937,-27.441676028965265
2001-08-03,28.326495684147375,16.285117860204004,-26.092406699015857,-28.830410722651227
2001-08-04,29.336622507442343,16.195366514372303,-25.753952779984104,-28.889037147364444
2001-08-05,28.526629067419027,15.672788241547066,-26.177995985397867,-27.84601322392985
2001-08-06,28.121514379047838,14.679839426526957,-25.990302343566935,-29.308500747069115
2001-08-07,27.72500602096345,14.62732116961479,-26.892345738443886,-29.754738412814046
2001-08-08,28.892938466816265,14.367249847243405,-26.952166047066918,-29.795850755790564
2001-08-09,28.48712537671878,14.981931050042729,-27.17379081332326,-29.56788338593619
2001-08-10,27.990353276692474,14.874961853253764,-25.807238898322773,-28.50673298596896
2001-08-11,28.47057887171529,15.960381937931063,-26.648919910779423,-29.209062413830573
2001-08-12,28.683951293652843,16.79238034466774,-26.66399731771303,-29.16721398386421
2001-08-13,28.034841865990515,16.152668725616707,-25.897631921607488,-28.646732433030472
2001-08-14,27.425356780145652,17.559707660692094,-26.56144465934377,-29.974796211904746
2001-08-15,28.606934723958737,15.686650679505405,-25.864031243396152,-28.38198992805963
2001-08-16,29.19881233808175,15.572982118312554,-25.162840262287283,-26.71915323151036
2001-08-17,28.367635128661654,15.140443568192122,-25.563516563526886,-25.845200172050685
2001-08-18,28.584803244952234,15.830993442132065,-24.23693008933092,-25.925482277000153
2001-08-19,27.61963556775479,13.554114829433392,-23.512747646729856,-26.201012330210744
2001-08-20,28.44612645922607,13.023840808997258,-23.7569389699635,-25.451701585455435
2001-08-21,26.843298642923784,14.989692346398947,-22.362215808076577,-25.893387964226953
2001-08-22,26.95148168996368,16.053619551127056,-20.63932402480412,-24.825834697504188
2001-08-23,26.63529847455657,17.112696573112824,-18.971866079474246,-24.14179147062179
2001-08-24,25.538938527991,18.164963770092193,-18.354022709413766,-22.776429848133144
2001-08-25,25.546950013752003,16.869491988169486,-17.349417945225607,-22.36989109736413
2001-08-26,25.720948120559207,16.903547002449194,-15.977068988862953,-23.996875009166907
2001-08-27,25.499218577102152,19.5313829755058,-16.939361512902508,-23.327090312911977
2001-08-28,26.45374436214461,20.984611699370504,-16.14764986366831,-23.501924312852168
2001-08-29,26.7305244721644,20.05641811708478,-16.0720460450812,-23.706559409952522
2001-08-30,26.760198118125313,18.82575324116691,-15.36835657774553,-21.688015966021936
2001-08-31,27.20123789591309,18.859032518672077,-15.405572153521387,-22.635720862430794
2001-09-01,27.551289869327615,18.161246017029935,-14.834619306979778,-22.91632260823085
2001-09-02,26.18250883417294,18.753728331268412,-14.274198025424175,-24.782278167660124
2001-09-03,25.37384946377985,19.58134924101257,-14.844609916111004,-25.72680517797311
2001-09-04,23.39471461952416,19.285081969654524,-14.158171073172191,-27.027408266685615
2001-09-05,24.021568894128293,18.526566939104463,-13.44306051775986,-26.584813352579932
2001-09-06,21.532972083153428,19.05781465680338,-13.045675313659023,-27.410876422439383
2001-09-07,20.512694813137347,18.70019755049895,-13.468600480177484,-26.882064382691638
2001-09-08,20.045175018845327,18.75129450849196,-12.256124230148593,-28.805412057490194
2001-09-09,18.99216388412864,18.41287627393493,-12.979947376160029,-28.349936711319746
2001-09-10,20.69020784278687,18.648049867563728,-13.871273037707683,-29.023644720784638
2001-09-11,21.10077615864182,17.599437829259582,-14.086090798524229,-28.61669407060226
2001-09-12,21.19028942959556,18.934070214792637,-14.566550862315648,-28.23695897813382
2001-09-13,21.206871927531473,19.65902806751392,-14.679362553486504,-28.0633369951296
2001-09-14,19.84527247055313,20.352129576815372,-14.720194368110617,-27.241106781191945
2001-09-15,20.249474128121754,21.048106491508577,-14.222251403373717,-28.39682184999344
2001-09-16,19.67791739504358,20.344318532455656,-13.530812127720724,-28.023915484350976
2001-09-17,18.15035540175279,20.667831047630163,-14.846943094684596,-29.657924006957238
2001-09-18,17.074684268886514,21.500461312715952,-14.320505323886062,-29.556481422712135
2001-09-19,16.018707000485282,21.53257974826858,-16.057468815407116,-30.493497906444716
2001-09-20,14.396321092788954,19.89314727489189,-16.530850631783633,-31.372249710701016
2001-09-21,12.922145700562291,18.886713691501125,-17.00441565638245,-30.835078869246114
2001-09-22,12.270586788164922,20.55919899356712,-18.40754428335181,-32.03302565243379
2001-09-23,12.093994122157232,21.423848648480202,-19.28862700376025,-31.657353053193408
2001-09-24,11.436002205322897,20.75947246401111,-20.41390597718485,-31.619304469514177
2001-09-25,13.373988380274021,19.857306466660905,-20.758018210037836,-31.163377243914876
2001-09-26,11.883882751698035,20.467306177462234,-19.905211316469657,-30.824404705770466
2001-09-27,11.820295620096362,20.667928231456923,-19.522176233984077,-30.282310572509346
2001-09-28,11.339672526041365,20.83749541349034,-19.50021813415661,-30.047740294391758
2001-09-29,10.738080146381016,18.291572658514355,-18.967490941409913,-30.14649683532541
2001-09-30,9.317353680891362,18.64357302189484,-18.112144527289214,-29.936601609966864
2001-10-01,8.573231325969452,17.95055300383388,-18.542196126155925,-29.688809073061226
2001-10-02,7.6507513974247505,17.830910144025374,-18.20485169412063,-30.23411221792992
2001-10-03,8.210488475626533,20.02123850100938,-19.072025742516406,-28.902384688856714
2001-10-04,7.803740049680068,20.31530617537004,-19.662886373690064,-30.255455663876862
2001-10-05,9.069818109530257,18.815954911431277,-20.156454841629277,-29.846968065740597
2001-10-06,10.162406931458934,17.929126514275424,-19.870695801207702,-28.334524733081555
2001-10-07,10.40674918106935,17.980608928657414,-22.0106999565541,-27.781663755242356
2001-10-08,10.72948858422323,19.327943611112055,-21.57584479447945,-27.53223721360363
2001-10-09,10.69502293471667,18.350176405308225,-20.043157372407006,-26.633227025679247
2001-10-10,9.611980499372812,18.55709334891439,-19.600397873692916,-25.71289614474017
2001-10-11,8.90986906003319,19.08502589255137,-19.639378590479584,-26.278799723561733
2001-10-12,9.835277900776152,17.893076247923766,-19.46863895672413,-28.044165869767962
2001-10-13,10.163602283881419,16.768283757721477,-17.671480965394966,-27.368322706485518
2001-10-14,9.217747842160646,17.015202040019414,-17.681742611097015,-25.477654552499853
2001-10-15,9.67326915950624,15.622007416235405,-17.845668146234114,-24.59845859031167
2001-10-16,10.13319054430105,13.510190236277232,-17.88081364876396,-24.406756240847077
2001-10-17,10.859412985706742,13.05072578786487,-18.308173031248767,-23.836537522318903
2001-10-18,11.937024020281696,12.20878453989136,-19.23626854586072,-24.349346170899953
2001-10-19,13.338716313086524,13.232952366463614,-19.201168931555014,-24.744883319951107
2001-10-20,13.575133306914953,13.463987568744745,-17.891175090883742,-27.207297652411643
2001-10-21,13.055918238156568,14.364695837531265,-18.16505769839477,-26.392652218911376
2001-10-22,12.800032572650558,15.850486404747206,-19.78877999692678,-25.689757218016744
2001-10-23,12.73675759102841,15.393253275107805,-19.115538513747712,-25.119825648454547
2001-10-24,12.739634602641253,15.752113257351276,-20.29915697267516,-26.514154321980605
2001-10-25,11.68208887834455,17.693267712366374,-19.518221449223116,-25.84282549694058
2001-10-26,12.824803749324364,19.201936472130527,-19.679465098620362,-27.35197552291517
2001-10-27,12.332222834942014,19.42627293170273,-19.671255099381007,-28.83111243973969
2001-10-28,13.568070053811741,18.226257154341152,-18.717224324204505,-29.384460830119703
2001-10-29,13.530951197146965,17.430647057484673,-19.454360064573777,-29.07097886692994
2001-10-30,13.889866794766133,18.363142476525805,-18.418357420038607,-28.290001066346303
2001-10-31,14.178965494511385,18.85650821320232,-18.522671602846334,-27.803353155218378
2001-11-01,13.413527902022672,19.074015488373544,-17.089135297016604,-29.43788001033756
2001-11-02,13.462211181475691,19.70059029498682,-16.730377279899024,-29.911923545936908
2001-11-03,13.594432081171998,19.9875733245383,-17.06567273337037,-30.573718705010346
2001-11-04,15.329110025731541,19.934904645034013,-18.270452496541544,-31.303936940641485
2001-11-05,15.136608224464208,20.945817558878034,-18.17727576357406,-30.99778468912109
2001-11-06,15.428075398686655,20.41451815584654,-19.487069968030223,-29.783421518198345
2001-11-07,13.955726650443063,17.822640809612114,-19.60558066301757,-30.159859591617476
2001-11-08,12.486758843425902,16.504081577178724,-19.233129225600088,-30.021809275799484
2001-11-09,12.41712160437338,16.119218440014457,-21.00437001594494,-29.23707474702331
2001-11-10,13.350433732423356,17.868761316238345,-21.373457601234676,-30.142358030317283
2001-11-11,12.667133467568362,17.26972254676315,-19.667093971491386,-28.71850592999776
2001-11-12,12.9793091297342,18.538398172967526,-20.721078784658992,-29.860110938867606
2001-11-13,11.955164613009867,17.74099099683598,-21.02382817510222,-30.79417449500795
2001-11-14,13.510588002936771,17.066359917779067,-18.616158186956756,-32.65915873194881
2001-11-15,13.15599599600613,17.072258726879234,-19.11909403709699,-33.23776331971667
2001-11-16,11.020928187598319,16.644888006981756,-18.475614154952474,-32.32396092625574
2001-11-17,10.627908314805916,16.685157027021596,-17.88871780921806,-33.93330783908594
2001-11-18,12.536851336375577,16.28490296658989,-17.64756329579543,-36.59725757082268
2001-11-19,12.475465139360326,16.472203731715847,-16.632740633620077,-36.392394687414004
2001-11-20,12.86033128135991,14.922045061748952,-15.875862974861487,-36.669042757675406
2001-11-21,12.068185524970744,13.304285920178502,-16.03087924083085,-36.02085238751958
2001-11-22,12.23865505055741,13.774529815020834,-16.80712870891665,-34.320273771607916
2001-11-23,12.920435659119196,13.143689260814465,-16.005830953066134,-33.5418064001093
2001-11-24,14.860891461421291,13.20413382569514,-16.29247355358867,-34.946588810569935
2001-11-25,14.284530370557448,14.448270928478902,-15.706920663888555,-34.32573122040657
2001-11-26,15.377680770729471,13.720963764533032,-16.749731340743043,-34.215047154178684
2001-11-27,15.401866612247318,14.778338665954552,-16.30556678723368,-33.92143092180586
2001-11-28,15.909581834316816,13.686520695681788,-17.439057132661336,-33.53852743664366
2001-11-29,17.121716687214334,13.833551056308053,-17.929481409098678,-34.25016061296387
2001-11-30,17.18102796182266,13.917581466336028,-16.97082996711004,-34.987206419975124
2001-12-01,16.88488576238257,14.190934107187932,-17.022047817747588,-34.869193492786785
2001-12-02,16.424433660446425,15.182217545654787,-16.914278100478597,-32.602179756177165
2001-12-03,14.645311779364238,14.452509888711413,-17.881309390202595,-31.688093996132604
2001-12-04,15.036121156293252,13.104585881421796,-19.26724190208945,-33.272981077778056
2001-12-05,15.927583583750973,12.797932369500503,-19.500370650622543,-32.95599223787667
2001-12-06,15.643391437325947,12.13291813500249,-19.42010744207551,-33.43999411684681
2001-12-07,15.56261393644554,11.879998449968939,-20.185546272864247,-33.66450157312331
2001-12-08,14.955888053769364,13.422536491375654,-19.59622474026948,-31.7977797865716
2001-12-09,16.343091487344545,12.853548934335414,-20.780442050494774,-32.81730827337597
2001-12-10,15.978111600982366,13.590822864874434,-21.534123439628374,-34.625088117534325
2001-12-11,15.055379891447824,11.823827042121621,-21.586228435033817,-35.65973615696739
2001-12-12,13.155340768680299,11.956912140229178,-21.21292885487787,-36.93375954409521
2001-12-13,13.308518374056927,11.642464668155887,-21.388931702338905,-37.37759291408611
2001-12-14,12.901963455988183,10.793372607194868,-20.991856997177713,-35.499319813122824
2001-12-15,12.247510559525196,11.544439283148161,-22.900408417940604,-35.95476605918978
2001-12-16,12.121218674237578,12.601826309103686,-22.694455031613177,-37.25904671049907
2001-12-17,10.068017204335185,12.724417154198749,-25.215168568917257,-35.89789888883984
2001-12-18,9.842655296894712,13.275900663454228,-23.379702765394907,-36.352259351259484
2001-12-19,10.124415905108698,12.987838675167213,-22.90476012723011,-34.94702438738357
2001-12-20,10.50265159211793,13.976965372309737,-21.68625676991846,-34.40125304484693
2001-12-21,12.269104164338046,14.104437079520755,-23.664919298604843,-33.00519993307094
2001-12-22,12.492665124542384,13.643975595920518,-23.650935735445934,-32.71965662091711
2001-12-23,13.087986741705752,14.78314758524352,-22.810530338405908,-32.97536141809152
2001-12-24,13.972766324249278,14.686664001582432,-21.646315347170688,-33.222729768917176
2001-12-25,13.534793127769195,15.546643018304206,-21.963376059413477,-33.803788452687265
2001-12-26,14.516470643561972,14.199006402046471,-21.61166074207406,-34.467052826811305
2001-12-27,13.722224481339508,14.740306615332505,-21.195120818600913,-35.27235963260998
2001-12-28,13.122144700627661,14.694028681683587,-21.65402884163369,-36.71065584071781
2001-12-29,14.1811029623123,13.507790098869444,-20.838082621608656,-35.62401449230081
2001-12-30,12.893828980815671,14.396944621175722,-18.06867917144038,-36.383243062911056
2001-12-31,12.537352982647123,12.940866129242668,-18.39243015488393,-37.09893044659598
2002-01-01,12.043431411655202,13.069689903354643,-18.510672277024767,-36.50848186628016
2002-01-02,11.802285717784086,11.816081104717016,-19.670983583421197,-36.84575324807169
2002-01-03,10.189100765256288,11.962812648303501,-19.93821240183933,-36.796343538448156
2002-01-04,9.91236762511561,11.366573049278204,-19.887062121129045,-35.593880122293804
2002-01-05,9.838254475112777,10.866488300517139,-20.650247881060753,-36.04143255711083
2002-01-06,10.24026399504694,11.283995691597326,-20.291901163332113,-36.60537228348184
2002-01-07,10.357034556818308,9.891079094602565,-19.617896080309926,-34.61441339338373
2002-01-08,9.756495762725683,9.581959172619083,-19.12370141459166,-34.974307816801876
2002-01-09,8.275431654220457,9.96797042427215,-17.57894140736515,-34.78486390520611
2002-01-10,8.10568247102729,9.942587437421704,-18.67327457033581,-35.34237966393558
2002-01-11,8.343954135339308,11.1514307510803,-18.80003949864967,-36.20347988561481
2002-01-12,9.579734509593665,11.000331075532872,-17.62005258707658,-36.99402438279335
2002-01-13,9.875154825256985,12.714294064528351,-18.87148714787688,-38.342838972043594
2002-01-14,11.483607040671858,11.558250840955509,-17.32094340776867,-38.75894099988093
2002-01-15,11.938150258235185,9.67494098343898,-16.647346138875363,-38.58957422342525
2002-01-16,12.388807985894285,7.838586022532742,-19.588843606118886,-38.6564815114779
2002-01-17,11.151667583916131,8.353904204828858,-18.63080554567628,-38.634999749473806
2002-01-18,10.621588126031986,7.861352111779583,-19.22219536148099,-40.02122945383054
2002-01-19,11.150487650772872,8.498837151056883,-18.358046872825774,-38.33543236716982
2002-01-20,9.986441565415156,7.76515765288639,-16.99455199285166,-38.99109320734941
2002-01-21,10.562518829653252,8.595598640602933,-17.891226827255366,-38.937454491941864
2002-01-22,10.54266507087271,10.13858176559375,-19.45085260165414,-37.83003532991981
2002-01-23,9.193764071328527,8.869399627840508,-18.94495393340914,-36.992079543328074
2002-01-24,8.892862319489973,9.314982735812581,-18.691677226334235,-37.53103012586632
2002-01-25,8.377086400706654,8.749799242598977,-17.729874672241845,-36.26000383940452
2002-01-26,8.588695750625305,7.687366325432496,-18.256112618390006,-35.3828713105278
2002-01-27,11.274552333559322,7.629020689319688,-18.326779074896447,-36.72042858664731
2002-01-28,12.426488452035246,7.687226431551397,-17.408286948771256,-35.7653932807581
2002-01-29,11.04918160179329,7.032607650762148,-15.905407640217042,-36.72422980767017
2002-01-30,11.839474875272726,7.648699536036063,-15.994060231863301,-35.557529968277805
2002-01-31,12.405962041941004,8.21832282226627,-14.257625783601606,-37.90862359843372
2002-02-01,11.26808214842744,8.66716120932924,-15.064444469483442,-39.129168435407145
2002-02-02,10.727380958252756,8.596504894285077,-14.712369453441648,-39.951150494805425
2002-02-03,10.950766130535966,7.531735513762079,-12.216582573051863,-38.885241717307416
2002-02-04,11.137448793020997,5.934906375459201,-11.686164967865874,-37.65926550161484
2002-02-05,12.068282568838471,5.248001394216063,-11.684554577722276,-38.14921599354324
2002-02-06,11.803083050470072,4.701436769965088,-13.42788866538783,-39.486809131529945
2002-02-07,11.018673595879092,4.871618173570366,-13.493010777535128,-39.8792085569674
2002-02-08,12.670274434999605,5.82010512734375,-12.580707249607906,-40.4721812608819
2002-02-09,12.609505294821565,6.447404207808574,-11.186476115757154,-41.44061276026321
2002-02-10,10.624909183104807,6.242615808110055,-10.954856356259274,-41.912155748595104
2002-02-11,11.360679046686617,6.768030403736296,-11.970874502842635,-41.82866264724195
2002-02-12,9.931543819108695,5.728518485765196,-11.133450289845083,-41.04254286603096
2002-02-13,10.272254082142231,6.296809318463701,-10.919367609767416,-40.43027672092497
2002-02-14,10.903263489150708,7.787810942365247,-9.753994272119964,-40.001848617777036
2002-02-15,11.160959350112604,7.58453013774896,-10.87029221286349,-39.758261677042
2002-02-16,10.862085165932967,8.682018057715347,-9.983955079036733,-38.81101334960074
2002-02-17,10.749599145304916,7.499867863895476,-10.87072511217987,-38.45933571762099
2002-02-18,10.201516669750948,6.868852055052823,-10.450197648367858,-38.784999850810166
2002-02-19,11.639559291916555,5.486693076874682,-11.742990959380085,-38.88985927276501
2002-02-20,11.293268335257348,4.682162579870408,-11.209458358709979,-37.041395415421086
2002-02-21,10.528600709269046,5.612191604085298,-10.818970925557663,-37.355887380887474
2002-02-22,12.171754871662664,7.4580143219871005,-10.923352886343894,-37.5583433649242
2002-02-23,11.40911078498145,7.939277684257091,-8.352015266519054,-37.642177917667134
2002-02-24,12.15025904996963,6.687398611702269,-7.404006545737094,-36.154980833749484
2002-02-25,13.102395228839582,4.521526491673842,-8.079497604305196,-35.969116816698566
2002-02-26,13.172280928845886,5.394623813213895,-8.69271046811788,-36.14118443483885
2002-02-27,13.315854526736272,5.348262961898567,-8.6093972652422,-33.84633491580745
2002-02-28,12.260839160333331,5.871871220102949,-7.703657738835647,-33.67125235442045
2002-03-01,12.649252125071502,5.930893894760853,-7.817056121459153,-33.68103285249999
2002-03-02,11.776149149956447,5.451307649977181,-7.905943761134674,-36.001012025562595
2002-03-03,11.049356676361597,6.5529122064987995,-7.593515489101037,-35.99562618079242
2002-03-04,10.696179308794559,7.406058095150923,-8.868066830320052,-35.59686980665987
2002-03-05,10.07543571771586,8.446484392264018,-9.998041329574464,-35.34844170235604
2002-03-06,10.40778799915944,8.237178609157265,-9.621385062339684,-35.57855280857262
2002-03-07,10.541017579621887,7.075995725866435,-8.99800698783646,-36.0376323387137
2002-03-08,9.596503071311904,6.891217890420071,-9.902419893451654,-36.161184268148084
2002-03-09,11.221110506992808,4.670845243330126,-10.53197031531784,-35.64312938104868
2002-03-10,9.681510205119327,3.223845087556673,-10.474266178784402,-35.325595445528094
2002-03-11,8.753751032658078,1.3627841684214506,-11.932540017032863,-36.82499259902393
2002-03-12,5.850351792302941,1.980364337892691,-12.472623359451255,-38.232621802721944
2002-03-13,5.190503984853212,3.6752141000489287,-12.267378613425533,-38.136012897586596
2002-03-14,6.056120906891889,2.7857206159884473,-12.601039485370436,-37.90901779593671
2002-03-15,7.04497697240366,3.678417345355147,-11.891935647958533,-39.57958480821153
2002-03-16,6.2964814490338785,3.4096661997172535,-11.517106715421942,-41.02210526439785
2002-03-17,7.491847246743273,2.83512271959431,-10.843526055653575,-39.81265887509069
2002-03-18,8.370489508843635,0.7814313724996693,-7.575133752850935,-38.51182213712249
2002-03-19,8.468726119957337,1.1335981367885999,-6.329068712333182,-39.16569577617094
2002-03-20,8.868105217643528,0.7072545902299942,-5.435833757416281,-40.2971990264537
2002-03-21,8.8814259553127,-1.7485596689123142,-3.1312925053347063,-39.728866276703684
2002-03-22,9.745532662208703,-0.6078148888920849,-3.5990702786758892,-41.10672504210965
2002-03-23,8.380610774566717,-0.29288508501121263,-3.716423773719466,-41.519918187267244
2002-03-24,8.521425699350665,-0.8856815956403252,-3.694205399795246,-43.249511653323054
2002-03-25,9.887112773763103,-1.9271994405992505,-3.775598969330153,-42.636641519536866
2002-03-26,12.457433080196132,-1.9090603385767508,-3.3808595885429806,-42.88092708040062
2002-03-27,12.266084524459139,-3.0036864491969633,-1.3116702593117693,-44.14019323932417
2002-03-28,12.368864927336931,-2.6958695621812074,-1.8939544086172215,-42.30643220241417
2002-03-29,13.078538821583097,-1.5718781810486044,-3.2589892382479055,-42.08014005959182
2002-03-30,11.477463087353863,-2.1854813442365746,-3.976372330233971,-42.11153409571536
2002-03-31,12.174574525600638,-2.6731672916021796,-5.137790106369062,-41.58328583059138
2002-04-01,12.70407307928798,-3.5813619820233145,-4.8553901802290005,-41.96107954897961
2002-04-02,13.934431236321316,-4.56900076258497,-5.148244472001076,-42.20654410347918
2002-04-03,13.677055829435789,-4.141465576881812,-4.540293563725337,-43.58455986464675
2002-04-04,13.372758584941781,-6.001567794066376,-4.634344267730795,-43.548078714360365
2002-04-05,14.241946875569122,-6.806864397157392,-5.178561028049845,-42.995490444075486
2002-04-06,14.926498208734364,-7.25107186896033,-5.11756286311342,-42.973089942383005
2002-04-07,16.494790950948467,-7.130696197631056,-6.382952811339231,-42.76185296385722
2002-04-08,17.002401241694635,-6.249579133645374,-6.001099534570294,-44.35907425304114
2002-04-09,18.31153565408224,-5.189972110982918,-7.122752407130545,-44.910635149436374
2002-04-10,17.294457529722866,-4.097285606415413,-7.0455935289965455,-45.45292925496805
2002-04-11,18.50411113773819,-4.282846474018641,-7.224778425035027,-45.39689549625545
2002-04-12,20.10568079648808,-2.2651506375564874,-6.223827910322415,-45.76206132348684
2002-04-13,19.42929920171925,-4.91550228518382,-5.321296256577654,-46.66533700931011
2002-04-14,18.44458310789022,-5.961131128461836,-5.535038180090971,-46.02677171497882
2002-04-15,19.184653232219546,-5.446904040629194,-6.126340007403693,-45.963988307305776
2002-04-16,20.463264643900114,-5.499362331502041,-6.330523227862212,-46.73959047797822
2002-04-17,18.69803273344376,-4.817765285059574,-6.974295842569355,-45.587142308539775
2002-04-18,18.065278251377325,-2.2756479634265645,-7.052065162787585,-46.723024435049815
2002-04-19,17.273584685956056,-2.7540295479204877,-7.278015561364445,-47.47299237565651
2002-04-20,17.19820931414168,-1.6334194168798293,-7.943541434993424,-48.33328891975384
2002-04-21,15.552435615117655,-2.368083414715444,-7.626807390404927,-49.29920249325203
2002-04-22,16.064062483484747,-1.4041155612709453,-7.766840654366894,-48.46828000046456
2002-04-23,17.04084390479518,-1.9697961024391268,-8.593943928189029,-49.006720336712554
2002-04-24,16.450068032860827,-0.08200431262425711,-8.007205937871904,-49.65313206556677
2002-04-25,17.01063987049362,0.21365060558643567,-7.506309903647572,-49.665116851096435
2002-04-26,14.884531319799379,0.14374853862352222,-8.01070935607515,-49.9108107229113
2002-04-27,14.33112801891164,-1.282840867383453,-7.109278212815373,-50.55223963569611
2002-04-28,12.939903395899506,-2.8151935453037407,-7.531835011291212,-48.723090510980136
2002-04-29,13.05645976703202,-1.5821039473772978,-7.04204531624251,-47.31428985748714
2002-04-30,13.65848616070377,-1.9700215324579158,-7.530518714882221,-46.422125519663126
2002-05-01,13.445042020610108,-0.4765874951272575,-7.702824487715569,-48.12861094316629
2002-05-02,14.396722461729594,0.6248586174161654,-6.412821832304656,-47.52639589163137
2002-05-03,13.94763729841319,0.29345253002090976,-7.229084530332324,-46.68058444334708
2002-05-04,14.420265927538592,0.5320097038338123,-6.491585850126144,-45.349696111130356
2002-05-05,15.706454977831553,2.4981300154646027,-6.6678993929078905,-45.022857700975806
2002-05-06,15.535474607797388,2.054213976111159,-6.522176601663572,-44.19995065266057
2002-05-07,15.545101946191748,2.540360709699952,-6.907928140820788,-45.532590885144714
2002-05-08,16.38799703706706,2.4779624132375773,-6.930173006265545,-44.81283388113084
2002-05-09,16.963062943635226,4.027195929259508,-7.733689485689961,-44.74011455006978
2002-05-10,17.74320037230672,3.663897764957562,-8.014925289058782,-43.36353582130742
2002-05-11,18.44186112895371,5.40450164592141,-9.492269228393248,-43.19102909736216
2002-05-12,17.81981982609894,5.8073345325465136,-11.839286326828844,-43.733209889247085
2002-05-13,18.48753855759154,7.004269963475138,-13.429468318737205,-44.54550811661643
2002-05-14,18.66052859083954,7.3924400785929105,-14.366972970819184,-45.02379147796707
2002-05-15,18.74908603822971,8.169007626643506,-15.022559918376505,-46.11532194578759
2002-05-16,19.801383609284798,8.503025111376761,-15.532197607819903,-46.68772244857522
2002-05-17,19.70320734426215,8.992776759123245,-13.292305933091551,-46.811716223588014
2002-05-18,22.127341503772815,9.660140810201517,-13.153665770617735,-47.61844532206857
2002-05-19,22.595008885426427,8.741345299222832,-12.03826868013084,-47.11269933900721
2002-05-20,22.931987245402787,10.093456267235702,-12.902372447747355,-47.023824454158586
2002-05-21,23.536392511245065,8.498582620570076,-13.98956339576862,-47.91176974856313
2002-05-22,22.824585407895132,9.520832118594239,-13.713771705498687,-48.93114993497836
2002-05-23,23.701012814180107,7.206317484926203,-14.452672116085136,-48.86631943247433
2002-05-24,22.5053282535985,7.421569311449698,-14.783569463774551,-49.43742183379424
2002-05-25,23.837877293678186,7.859020331869883,-15.025912261694046,-50.14528003747276
2002-05-26,22.588765327827915,6.593281238283001,-15.417392339493933,-48.729872479214684
2002-05-27,22.82453345351084,6.912837820816702,-15.815639047642154,-49.43557526810511
2002-05-28,22.172912083220844,7.773150556881443,-16.54077552675343,-51.2382188814118
2002-05-29,21.62843214637769,7.447923992187699,-17.44457586288924,-50.181373728768314
2002-05-30,21.08495875951801,7.9638951797151964,-15.914149541436085,-51.35852758715692
2002-05-31,21.99057080824272,7.585080374692679,-16.928126381342015,-50.3089396459673
2002-06-01,23.573925285612557,6.96066213068083,-16.65041430310969,-50.821553143048604
2002-06-02,24.044760897571233,7.6367950738988135,-16.80796478507425,-49.84629233391724
2002-06-03,22.267700859758857,8.83618637529986,-17.920150239577364,-48.726378010783876
2002-06-04,20.34954303657864,9.645528920251563,-17.617255983552607,-49.08998124655062
2002-06-05,19.53754312701314,7.95143498252226,-17.623210226853345,-49.146555421486646
2002-06-06,20.10333954268241,6.687061856946719,-17.099803455087173,-48.602299566863906
2002-06-07,20.04853726059661,7.3179083002409175,-16.107926818126945,-49.695470221328634
2002-06-08,20.2738858165036,8.631516947116125,-14.560488281127647,-49.673761639300395
2002-06-09,20.12746563169503,10.732838680714025,-14.451391893949856,-49.20102606076899
2002-06-10,20.308028387432365,10.204095211317933,-13.186303008552644,-49.86521163716527
2002-06-11,20.59769259007204,9.49554465765578,-13.188616776867251,-48.315131618810334
2002-06-12,21.740979088138054,8.024197066378244,-14.703938308764087,-47.580761518084124
2002-06-13,21.27381909570656,7.67469568272938,-15.245999390425323,-48.22709187142932
2002-06-14,21.68091963623638,9.281939067383982,-14.899700489585335,-47.852111402022786
2002-06-15,21.765691038882448,8.983871542411855,-16.984991939522036,-48.31649173460789
2002-06-16,22.042028211586835,8.62147211824173,-17.586989722403032,-47.674423514451306
2002-06-17,23.652316435415294,10.205876534626924,-17.19058685240521,-47.11201377963086
2002-06-18,22.885276900853203,8.768473799618247,-17.143220916194213,-49.09296427012444
2002-06-19,21.58567509794897,8.376064443398821,-15.074477039501486,-49.0832549781914
2002-06-20,21.634974379176473,8.311602831247521,-16.231874139335627,-49.34987533319733
2002-06-21,21.682904999813758,8.359967625071357,-18.404122015523647,-49.59086691256848
2002-06-22,19.66611205556111,7.70093131877631,-18.87237214770508,-50.70086274969413
2002-06-23,18.90097516374596,7.587732608789391,-17.785560944353623,-49.99025804681818
2002-06-24,18.861293795903208,9.326594486958516,-16.015923592622197,-49.23028762667159
2002-06-25,17.647077605471054,8.807569829596092,-15.548303555256203,-50.150304137036066
2002-06-26,18.593126929124917,10.033428785691987,-14.895636294834864,-49.174980451923034
2002-06-27,17.187609383464807,9.97273943259859,-15.769695335821945,-49.68380421288933
2002-06-28,18.06034408764253,9.839214669690712,-18.345695477771333,-48.69426040978788
2002-06-29,18.692655045735904,11.043811992188058,-19.1844700477157,-48.4785429616794
2002-06-30,19.42208595206102,12.221922930519941,-18.821655573351393,-47.7465578178404
2002-07-01,18.541772264154762,12.018186135154407,-18.779572077367643,-46.56160329752408
2002-07-02,18.120131576167104,9.371920655434993,-18.51861138046346,-45.51274074990832
2002-07-03,18.776946273218762,9.023526943736568,-18.279565543745605,-44.06874670761246
2002-07-04,18.287363421131325,8.239166686818228,-14.639048222965659,-43.484419362919304
2002-07-05,18.550197311379055,9.35890975611691,-15.193226557814567,-43.80368569210697
2002-07-06,17.71732756795228,9.179588419331658,-13.636639561075986,-44.80926828743888
2002-07-07,16.78916293369377,9.17951079990578,-14.43180784742658,-44.79294400104748
2002-07-08,17.93871305205518,9.301150357546613,-14.005896819215831,-43.388908277789874
2002-07-09,18.069158669719585,8.7202000920279,-13.48797974095392,-44.8819365028084
2002-07-10,18.014200805341144,9.656261677713655,-12.450147091390182,-44.76503103964768
2002-07-11,17.816375085492133,9.2175441934128,-12.751360594157376,-45.22409194377414
2002-07-12,17.91089808916907,10.018092825111937,-12.598978418853699,-46.56895957077246
2002-07-13,18.348027823712776,9.113632530082574,-12.794725642743806,-48.28294508362556
2002-07-14,17.209846354664574,8.276967187524265,-13.326824085399533,-48.318598472200826
2002-07-15,16.124707970905686,7.3538934288191244,-14.457315805246365,-47.056904965684595
2002-07-16,16.408513136196756,5.857408510245694,-14.455488301141788,-45.779673772270186
2002-07-17,16.54953864692712,5.289379511910608,-14.440229740475528,-44.87507055096477
2002-07-18,16.895909096516057,5.08240209772743,-13.906240562812863,-44.09029582461455
2002-07-19,16.635588248143566,3.669104447346667,-12.894132929756243,-43.39408682165944
2002-07-20,16.692030669327064,3.647405765146238,-11.79203654893416,-44.43683331864219
2002-07-21,17.230826485113468,3.471524966029131,-12.781763600171683,-44.21697305760792
2002-07-22,17.548677348082343,3.76984736136509,-14.523469156160342,-43.094513392132015
2002-07-23,16.313179423371768,1.5379114773830835,-12.897730462550488,-42.88227749243267
2002-07-24,16.10820028449178,2.1370250516640916,-13.01094250308995,-41.54889305698852
2002-07-25,16.195670281375143,1.652445840559162,-11.36557597791905,-41.38549212742978
2002-07-26,17.31865837475111,1.7050818157725323,-12.754558682959816,-43.154104681693916
2002-07-27,16.968341653343302,2.2530356767272783,-13.312957820207311,-42.52750276072663
2002-07-28,18.0466952817853,2.333472761648791,-13.805661535327996,-43.75514796874461
2002-07-29,19.426757230519595,1.4053443043772846,-13.008217294095195,-44.4389231257602
2002-07-30,18.758983709021216,2.4607421686636908,-14.084347402809456,-43.46865969136725
2002-07-31,18.525452035557922,3.4979158846309195,-13.222373703936931,-43.11384871868208
2002-08-01,17.86490417343934,3.674606052990493,-9.941039116988808,-42.45307091630772
2002-08-02,19.50601570749411,6.666501563413092,-8.948863797704881,-44.652346749009254
2002-08-03,20.446831008169053,6.41370732594057,-7.692430549213629,-44.452506791771086
2002-08-04,20.55109480572379,9.88382643796601,-6.947342759869992,-44.34733045516071
2002-08-05,20.88215927172069,10.96032479390644,-6.822281374792672,-44.67131326458551
2002-08-06,22.94191279828239,9.8981594363651,-8.34517244827997,-43.736670376209155
2002-08-07,21.53291735582668,9.52939231964855,-7.711554108484928,-43.61749769771153
2002-08-08,20.080525761788653,7.26405693554483,-4.735282276938329,-44.362929725313535
2002-08-09,20.116708123539365,7.065213278868629,-7.102056579575972,-44.30280318718627
2002-08-10,20.411591084801334,5.970706387017739,-8.540023007298991,-45.76302306223702
2002-08-11,20.24433626961379,5.750301403389898,-7.56281219112293,-44.13714527361986
2002-08-12,21.546579417299434,3.721899892927308,-9.3921016012005,-43.69500292698889
2002-08-13,22.025656658799022,3.276498533008869,-8.221961055129091,-43.525476150701735
2002-08-14,22.24179247777585,4.41897177678024,-8.873200855788584,-45.35097322713708
2002-08-15,21.168104159984928,2.7535601915611174,-7.2481405461213075,-44.29367753671866
2002-08-16,20.76831652303331,1.9140739315047464,-9.018297574075756,-44.44731717428342
2002-08-17,21.37865859842588,-0.33266695980694383,-8.017027997611564,-45.642012951243444
2002-08-18,23.066932401825305,0.02299737563189186,-8.22136041440038,-46.74960964287399
2002-08-19,24.23971678582455,-0.1327153083264692,-8.514444879246899,-46.075214041177865
2002-08-20,23.097724445182568,0.11148855304534527,-10.98587326856742,-46.17933452162988
2002-08-21,22.478644705233982,0.9129087106086304,-9.944040563192813,-45.00307699065881
2002-08-22,22.859026684977795,0.6587416114438926,-8.382840332217638,-46.11986551637942
2002-08-23,23.346690946074137,0.18858999774020418,-8.477141283087368,-46.18069922985325
2002-08-24,24.559158503757487,-0.12100860661577101,-9.651678840992636,-43.92943624462324
2002-08-25,24.16457235990291,-0.45714119508178164,-9.71396366735588,-43.85632401986809
2002-08-26,22.533782169522034,-0.7145091006574587,-8.690856536900721,-41.836092573619524
2002-08-27,25.31839975771936,0.06146019899066313,-8.216680939475795,-41.9950148619503
2002-08-28,24.778483828446063,0.42218696142495415,-8.538339695828148,-42.14278480197782
2002-08-29,25.133948819339,1.2782969262106396,-8.005306254995844,-42.22255438333761
2002-08-30,24.887478099438837,1.887931927657593,-10.073035777206865,-39.92411985924624
2002-08-31,25.03152657317253,0.5033253178689285,-9.4166054020415,-40.40817911722969
2002-09-01,23.88358816352845,2.579022188071332,-9.71091424206822,-39.76381125562034
2002-09-02,23.353856259313734,4.8518318564222325,-8.417976144566955,-39.53141824170934
2002-09-03,24.028092467730456,5.06461548349691,-8.394114302199485,-40.41129540468723
2002-09-04,24.0915046913166,5.564093642759774,-8.238031386436354,-39.982579949244794
2002-09-05,24.76645172725423,4.934754430846362,-7.914176231549177,-39.50912434156238
2002-09-06,24.695766463914214,5.033317051642897,-6.871095638160073,-39.318300702295915
2002-09-07,24.8603820318021,4.559106687468265,-7.6125258352401035,-39.16891286328764
2002-09-08,23.583021134914414,3.724453456644629,-8.000889731885987,-37.71683820562867
2002-09-09,23.33141322879735,4.469898393489716,-6.961164171898192,-37.00939724028139
2002-09-10,22.727824927209095,5.851920239049269,-6.961041399190422,-37.625837833242535
2002-09-11,24.221931244100567,5.1105185097275605,-6.1991028305818485,-35.706071419350614
2002-09-12,22.74449568460263,6.415141729180171,-7.660218440975055,-34.884477129729035
2002-09-13,21.724159366756798,6.3602434345783205,-8.385451402533196,-35.52088311352868
2002-09-14,22.63389502869872,4.733506046107852,-8.933291195314476,-35.02570023455932
2002-09-15,22.092124582926974,5.985754606880413,-8.95563650223239,-34.98232755448787
2002-09-16,21.846710503238903,6.2803810561356945,-7.169153977435753,-34.84295388831234
2002-09-17,23.031107604218835,5.57374731095711,-6.378409700674316,-34.97738000592838
2002-09-18,23.19423294596695,5.484332418451144,-7.981036728091644,-35.16436445772287
2002-09-19,23.974055022467144,3.800092309912341,-8.2653794291723,-34.704974153782764
2002-09-20,25.42562270536257,4.205141623283498,-11.473244575242806,-36.425924714268696
2002-09-21,24.24878901167447,3.236243722349184,-10.588771292918716,-36.86385068136946
2002-09-22,24.622245944918024,3.894081332678011,-11.331602362711205,-36.497588165469985
2002-09-23,25.113641479096586,2.9311485685572736,-12.57135505311471,-36.52988403306554
2002-09-24,24.51427625061267,3.522446739985243,-12.281287637512566,-35.82825002245851
2002-09-25,25.04535926436708,3.8124549295700683,-12.361036822913528,-35.73022988765283
2002-09-26,24.89870029170146,4.853187173765358,-13.210313746407447,-35.23656213323817
